{"format": "graph-model", "generatedBy": "2.16.1", "convertedBy": "TensorFlow.js Converter v4.22.0", "signature": {"inputs": {"input_layer": {"name": "input_layer:0", "dtype": "DT_FLOAT", "tensorShape": {"dim": [{"size": "-1"}, {"size": "150"}, {"size": "150"}, {"size": "3"}]}}}, "outputs": {"output_0": {"name": "Identity:0", "dtype": "DT_FLOAT", "tensorShape": {"dim": [{"size": "-1"}, {"size": "1"}]}}}}, "modelTopology": {"node": [{"name": "StatefulPartitionedCall/sequential_1/rescaling_1/Cast/x", "op": "Const", "attr": {"value": {"tensor": {"dtype": "DT_FLOAT", "tensorShape": {}}}, "dtype": {"type": "DT_FLOAT"}}}, {"name": "StatefulPartitionedCall/sequential_1/rescaling_1/Cast_1/x", "op": "Const", "attr": {"value": {"tensor": {"dtype": "DT_FLOAT", "tensorShape": {}}}, "dtype": {"type": "DT_FLOAT"}}}, {"name": "StatefulPartitionedCall/sequential_1/conv2d_1/convolution/ReadVariableOp", "op": "Const", "attr": {"value": {"tensor": {"dtype": "DT_FLOAT", "tensorShape": {"dim": [{"size": "3"}, {"size": "3"}, {"size": "3"}, {"size": "16"}]}}}, "dtype": {"type": "DT_FLOAT"}}}, {"name": "StatefulPartitionedCall/sequential_1/conv2d_1/Reshape", "op": "Const", "attr": {"value": {"tensor": {"dtype": "DT_FLOAT", "tensorShape": {"dim": [{"size": "1"}, {"size": "1"}, {"size": "1"}, {"size": "16"}]}}}, "dtype": {"type": "DT_FLOAT"}}}, {"name": "StatefulPartitionedCall/sequential_1/conv2d_1_2/convolution/ReadVariableOp", "op": "Const", "attr": {"value": {"tensor": {"dtype": "DT_FLOAT", "tensorShape": {"dim": [{"size": "3"}, {"size": "3"}, {"size": "16"}, {"size": "32"}]}}}, "dtype": {"type": "DT_FLOAT"}}}, {"name": "StatefulPartitionedCall/sequential_1/conv2d_1_2/Reshape", "op": "Const", "attr": {"value": {"tensor": {"dtype": "DT_FLOAT", "tensorShape": {"dim": [{"size": "1"}, {"size": "1"}, {"size": "1"}, {"size": "32"}]}}}, "dtype": {"type": "DT_FLOAT"}}}, {"name": "StatefulPartitionedCall/sequential_1/conv2d_2_1/convolution/ReadVariableOp", "op": "Const", "attr": {"value": {"tensor": {"dtype": "DT_FLOAT", "tensorShape": {"dim": [{"size": "3"}, {"size": "3"}, {"size": "32"}, {"size": "64"}]}}}, "dtype": {"type": "DT_FLOAT"}}}, {"name": "StatefulPartitionedCall/sequential_1/conv2d_2_1/Reshape", "op": "Const", "attr": {"value": {"tensor": {"dtype": "DT_FLOAT", "tensorShape": {"dim": [{"size": "1"}, {"size": "1"}, {"size": "1"}, {"size": "64"}]}}}, "dtype": {"type": "DT_FLOAT"}}}, {"name": "StatefulPartitionedCall/sequential_1/flatten_1/Reshape/shape", "op": "Const", "attr": {"value": {"tensor": {"dtype": "DT_INT32", "tensorShape": {"dim": [{"size": "2"}]}}}, "dtype": {"type": "DT_INT32"}}}, {"name": "StatefulPartitionedCall/sequential_1/dense_1/Cast/ReadVariableOp", "op": "Const", "attr": {"value": {"tensor": {"dtype": "DT_FLOAT", "tensorShape": {"dim": [{"size": "18496"}, {"size": "512"}]}}}, "dtype": {"type": "DT_FLOAT"}}}, {"name": "StatefulPartitionedCall/sequential_1/dense_1/Add/ReadVariableOp", "op": "Const", "attr": {"value": {"tensor": {"dtype": "DT_FLOAT", "tensorShape": {"dim": [{"size": "512"}]}}}, "dtype": {"type": "DT_FLOAT"}}}, {"name": "StatefulPartitionedCall/sequential_1/dense_1_2/Cast/ReadVariableOp", "op": "Const", "attr": {"value": {"tensor": {"dtype": "DT_FLOAT", "tensorShape": {"dim": [{"size": "512"}, {"size": "1"}]}}}, "dtype": {"type": "DT_FLOAT"}}}, {"name": "StatefulPartitionedCall/sequential_1/dense_1_2/Add/ReadVariableOp", "op": "Const", "attr": {"value": {"tensor": {"dtype": "DT_FLOAT", "tensorShape": {"dim": [{"size": "1"}]}}}, "dtype": {"type": "DT_FLOAT"}}}, {"name": "input_layer", "op": "Placeholder", "attr": {"shape": {"shape": {"dim": [{"size": "-1"}, {"size": "150"}, {"size": "150"}, {"size": "3"}]}}, "dtype": {"type": "DT_FLOAT"}}}, {"name": "StatefulPartitionedCall/sequential_1/rescaling_1/mul", "op": "Mul", "input": ["input_layer", "StatefulPartitionedCall/sequential_1/rescaling_1/Cast/x"], "attr": {"T": {"type": "DT_FLOAT"}}}, {"name": "StatefulPartitionedCall/sequential_1/rescaling_1/add", "op": "AddV2", "input": ["StatefulPartitionedCall/sequential_1/rescaling_1/mul", "StatefulPartitionedCall/sequential_1/rescaling_1/Cast_1/x"], "attr": {"T": {"type": "DT_FLOAT"}}}, {"name": "StatefulPartitionedCall/sequential_1/conv2d_1/add", "op": "_FusedConv2D", "input": ["StatefulPartitionedCall/sequential_1/rescaling_1/add", "StatefulPartitionedCall/sequential_1/conv2d_1/convolution/ReadVariableOp", "StatefulPartitionedCall/sequential_1/conv2d_1/Reshape"], "device": "/device:CPU:0", "attr": {"num_host_args": {"i": "0"}, "data_format": {"s": "TkhXQw=="}, "filter_format": {"s": "SFdJTw=="}, "fused_ops": {"list": {"s": ["Qmlhc0FkZA=="]}}, "num_args": {"i": "1"}, "strides": {"list": {"i": ["1", "1", "1", "1"]}}, "TArgs": {"list": {"type": ["DT_FLOAT"]}}, "padding": {"s": "VkFMSUQ="}, "use_cudnn_on_gpu": {"b": true}, "leakyrelu_alpha": {"f": 0.2}, "epsilon": {"f": 0.0}, "T": {"type": "DT_FLOAT"}, "explicit_paddings": {"list": {}}, "dilations": {"list": {"i": ["1", "1", "1", "1"]}}}}, {"name": "StatefulPartitionedCall/sequential_1/max_pooling2d_1/MaxPool2d", "op": "MaxPool", "input": ["StatefulPartitionedCall/sequential_1/conv2d_1/add"], "attr": {"padding": {"s": "VkFMSUQ="}, "data_format": {"s": "TkhXQw=="}, "T": {"type": "DT_FLOAT"}, "explicit_paddings": {"list": {}}, "ksize": {"list": {"i": ["1", "2", "2", "1"]}}, "strides": {"list": {"i": ["1", "2", "2", "1"]}}}}, {"name": "StatefulPartitionedCall/sequential_1/conv2d_1/Relu", "op": "Relu", "input": ["StatefulPartitionedCall/sequential_1/max_pooling2d_1/MaxPool2d"], "attr": {"T": {"type": "DT_FLOAT"}}}, {"name": "StatefulPartitionedCall/sequential_1/conv2d_1_2/add", "op": "_FusedConv2D", "input": ["StatefulPartitionedCall/sequential_1/conv2d_1/Relu", "StatefulPartitionedCall/sequential_1/conv2d_1_2/convolution/ReadVariableOp", "StatefulPartitionedCall/sequential_1/conv2d_1_2/Reshape"], "device": "/device:CPU:0", "attr": {"num_host_args": {"i": "0"}, "data_format": {"s": "TkhXQw=="}, "filter_format": {"s": "SFdJTw=="}, "strides": {"list": {"i": ["1", "1", "1", "1"]}}, "num_args": {"i": "1"}, "fused_ops": {"list": {"s": ["Qmlhc0FkZA=="]}}, "TArgs": {"list": {"type": ["DT_FLOAT"]}}, "padding": {"s": "VkFMSUQ="}, "use_cudnn_on_gpu": {"b": true}, "leakyrelu_alpha": {"f": 0.2}, "epsilon": {"f": 0.0}, "T": {"type": "DT_FLOAT"}, "explicit_paddings": {"list": {}}, "dilations": {"list": {"i": ["1", "1", "1", "1"]}}}}, {"name": "StatefulPartitionedCall/sequential_1/max_pooling2d_1_2/MaxPool2d", "op": "MaxPool", "input": ["StatefulPartitionedCall/sequential_1/conv2d_1_2/add"], "attr": {"ksize": {"list": {"i": ["1", "2", "2", "1"]}}, "data_format": {"s": "TkhXQw=="}, "T": {"type": "DT_FLOAT"}, "explicit_paddings": {"list": {}}, "padding": {"s": "VkFMSUQ="}, "strides": {"list": {"i": ["1", "2", "2", "1"]}}}}, {"name": "StatefulPartitionedCall/sequential_1/conv2d_1_2/Relu", "op": "Relu", "input": ["StatefulPartitionedCall/sequential_1/max_pooling2d_1_2/MaxPool2d"], "attr": {"T": {"type": "DT_FLOAT"}}}, {"name": "StatefulPartitionedCall/sequential_1/conv2d_2_1/add", "op": "_FusedConv2D", "input": ["StatefulPartitionedCall/sequential_1/conv2d_1_2/Relu", "StatefulPartitionedCall/sequential_1/conv2d_2_1/convolution/ReadVariableOp", "StatefulPartitionedCall/sequential_1/conv2d_2_1/Reshape"], "device": "/device:CPU:0", "attr": {"num_host_args": {"i": "0"}, "data_format": {"s": "TkhXQw=="}, "filter_format": {"s": "SFdJTw=="}, "strides": {"list": {"i": ["1", "1", "1", "1"]}}, "num_args": {"i": "1"}, "fused_ops": {"list": {"s": ["Qmlhc0FkZA=="]}}, "TArgs": {"list": {"type": ["DT_FLOAT"]}}, "padding": {"s": "VkFMSUQ="}, "use_cudnn_on_gpu": {"b": true}, "leakyrelu_alpha": {"f": 0.2}, "epsilon": {"f": 0.0}, "T": {"type": "DT_FLOAT"}, "explicit_paddings": {"list": {}}, "dilations": {"list": {"i": ["1", "1", "1", "1"]}}}}, {"name": "StatefulPartitionedCall/sequential_1/max_pooling2d_2_1/MaxPool2d", "op": "MaxPool", "input": ["StatefulPartitionedCall/sequential_1/conv2d_2_1/add"], "attr": {"padding": {"s": "VkFMSUQ="}, "data_format": {"s": "TkhXQw=="}, "T": {"type": "DT_FLOAT"}, "explicit_paddings": {"list": {}}, "ksize": {"list": {"i": ["1", "2", "2", "1"]}}, "strides": {"list": {"i": ["1", "2", "2", "1"]}}}}, {"name": "StatefulPartitionedCall/sequential_1/conv2d_2_1/Relu", "op": "Relu", "input": ["StatefulPartitionedCall/sequential_1/max_pooling2d_2_1/MaxPool2d"], "attr": {"T": {"type": "DT_FLOAT"}}}, {"name": "StatefulPartitionedCall/sequential_1/flatten_1/Reshape", "op": "Reshape", "input": ["StatefulPartitionedCall/sequential_1/conv2d_2_1/Relu", "StatefulPartitionedCall/sequential_1/flatten_1/Reshape/shape"], "attr": {"T": {"type": "DT_FLOAT"}, "Tshape": {"type": "DT_INT32"}}}, {"name": "StatefulPartitionedCall/sequential_1/dense_1/Relu", "op": "_FusedMatMul", "input": ["StatefulPartitionedCall/sequential_1/flatten_1/Reshape", "StatefulPartitionedCall/sequential_1/dense_1/Cast/ReadVariableOp", "StatefulPartitionedCall/sequential_1/dense_1/Add/ReadVariableOp"], "device": "/device:CPU:0", "attr": {"transpose_a": {"b": false}, "transpose_b": {"b": false}, "fused_ops": {"list": {"s": ["Qmlhc0FkZA==", "UmVsdQ=="]}}, "leakyrelu_alpha": {"f": 0.2}, "num_args": {"i": "1"}, "epsilon": {"f": 0.0}, "T": {"type": "DT_FLOAT"}}}, {"name": "StatefulPartitionedCall/sequential_1/dense_1_2/Add", "op": "_FusedMatMul", "input": ["StatefulPartitionedCall/sequential_1/dense_1/Relu", "StatefulPartitionedCall/sequential_1/dense_1_2/Cast/ReadVariableOp", "StatefulPartitionedCall/sequential_1/dense_1_2/Add/ReadVariableOp"], "device": "/device:CPU:0", "attr": {"transpose_a": {"b": false}, "transpose_b": {"b": false}, "fused_ops": {"list": {"s": ["Qmlhc0FkZA=="]}}, "num_args": {"i": "1"}, "leakyrelu_alpha": {"f": 0.2}, "epsilon": {"f": 0.0}, "T": {"type": "DT_FLOAT"}}}, {"name": "StatefulPartitionedCall/sequential_1/dense_1_2/Sigmoid", "op": "Sigmoid", "input": ["StatefulPartitionedCall/sequential_1/dense_1_2/Add"], "attr": {"T": {"type": "DT_FLOAT"}}}, {"name": "Identity", "op": "Identity", "input": ["StatefulPartitionedCall/sequential_1/dense_1_2/Sigmoid"], "attr": {"T": {"type": "DT_FLOAT"}}}], "library": {}, "versions": {"producer": 2129}}, "weightsManifest": [{"paths": ["group1-shard1of10.bin", "group1-shard2of10.bin", "group1-shard3of10.bin", "group1-shard4of10.bin", "group1-shard5of10.bin", "group1-shard6of10.bin", "group1-shard7of10.bin", "group1-shard8of10.bin", "group1-shard9of10.bin", "group1-shard10of10.bin"], "weights": [{"name": "StatefulPartitionedCall/sequential_1/rescaling_1/Cast/x", "shape": [], "dtype": "float32"}, {"name": "StatefulPartitionedCall/sequential_1/rescaling_1/Cast_1/x", "shape": [], "dtype": "float32"}, {"name": "StatefulPartitionedCall/sequential_1/conv2d_1/convolution/ReadVariableOp", "shape": [3, 3, 3, 16], "dtype": "float32"}, {"name": "StatefulPartitionedCall/sequential_1/conv2d_1/Reshape", "shape": [1, 1, 1, 16], "dtype": "float32"}, {"name": "StatefulPartitionedCall/sequential_1/conv2d_1_2/convolution/ReadVariableOp", "shape": [3, 3, 16, 32], "dtype": "float32"}, {"name": "StatefulPartitionedCall/sequential_1/conv2d_1_2/Reshape", "shape": [1, 1, 1, 32], "dtype": "float32"}, {"name": "StatefulPartitionedCall/sequential_1/conv2d_2_1/convolution/ReadVariableOp", "shape": [3, 3, 32, 64], "dtype": "float32"}, {"name": "StatefulPartitionedCall/sequential_1/conv2d_2_1/Reshape", "shape": [1, 1, 1, 64], "dtype": "float32"}, {"name": "StatefulPartitionedCall/sequential_1/flatten_1/Reshape/shape", "shape": [2], "dtype": "int32"}, {"name": "StatefulPartitionedCall/sequential_1/dense_1/Cast/ReadVariableOp", "shape": [18496, 512], "dtype": "float32"}, {"name": "StatefulPartitionedCall/sequential_1/dense_1/Add/ReadVariableOp", "shape": [512], "dtype": "float32"}, {"name": "StatefulPartitionedCall/sequential_1/dense_1_2/Cast/ReadVariableOp", "shape": [512, 1], "dtype": "float32"}, {"name": "StatefulPartitionedCall/sequential_1/dense_1_2/Add/ReadVariableOp", "shape": [1], "dtype": "float32"}]}]}